header: draco ships,canonical_label
Draco Malfoy & Dorian Pavus & Harry Potter,false
Draco Malfoy & Harry Potter,true
Astoria Greengrass/Draco Malfoy/Blaise Zabini,false
Death Eater Characters/Draco Malfoy,false
Draco Malfoy & Lucius Malfoy & Harry Potter & Severus Snape,false
Draco Malfoy/Bella Swan,false
Draco Malfoy & Edmund Pevensie,false
Draco Malfoy & Pansy Parkinson & Blaise Zabini,false
Draco Malfoy & Mabel Pines,false
Draco Malfoy & Theodore Nott & Pansy Parkinson,false
The Bloody Baron/Draco Malfoy/Harry Potter/Original Character(s),false
Astoria Greengrass & Teddy Lupin & Draco Malfoy,false
Draco Malfoy/Apple,false
Draco Malfoy/Eric Northman,false
Draco Malfoy/Dean Winchester,false
Draco Malfoy & Dawn Summers,false
Draco Malfoy/Charlie Weasley/Hugo Weasley,false
Draco Malfoy & Michael (Supernatural),false
Draco Malfoy & Pitch Black (Guardians of Childhood),false
Draco Malfoy/Elijah Wood,false
Cho Chang/Draco Malfoy/Harry Potter,false
Bill Cipher & Draco Malfoy,false
Dan Howell/Phil Lester/Draco Malfoy/Harry Potter,false
Bane/Draco Malfoy,false
Draco Malfoy/Harry Potter,true
Draco Malfoy & Theodore Nott,false
Batfamily Members & Draco Malfoy,false
Draco Malfoy & George Weasley,false
Draco Malfoy & Original Female Character(s),false
Draco Malfoy & Avengers Team,false
Draco Malfoy & Garrick Ollivander,false
Astoria Greengrass/Draco Malfoy/James Sirius Potter,false
Dobby/Draco Malfoy,false
Draco Malfoy & Pansy Parkinson & Blaise Zabini & Original Female Character(s),false
Colin Creevey/Dennis Creevey/Draco Malfoy,false
Angelina Johnson/Draco Malfoy,false
Brian Kinney (Queer as Folk)/Draco Malfoy,false
Draco Malfoy/Bill Weasley/Charlie Weasley/Fred Weasley/George Weasley/Percy Weasley/Ron Weasley,false
Draco Malfoy & Voldemort,false
Draco Malfoy/dragon,false
Bellatrix Black Lestrange/Draco Malfoy/Tom Riddle,false
Adam Lambert/Draco Malfoy/Harry Potter,false
Amy Madison/Draco Malfoy,false
Astoria Greengrass/Draco Malfoy/Ginny Weasley,false
Chang Wufei/Draco Malfoy,false
Draco Malfoy/Edmund Pevensie,false
Draco Malfoy/Arthur Weasley/Bill Weasley,false
Draco Malfoy/Fred Weasley/Original Female Character(s),false
Draco Malfoy & Nymphadora Tonks,false
Cedric Diggory/Hermione Granger/Viktor Krum/Draco Malfoy/Theodore Nott,false
Draco Malfoy & Newt Scamander,false
Draco Malfoy/Blaise Zabini/Original Character(s),false
Alec (Twilight)/Draco Malfoy/Harry Potter,false
Draco Malfoy & Harry Potter & Original Female Character(s),false
Draco Malfoy & Varric Tethras,false
Aidou Hanabusa/Draco Malfoy,false
Bill Kaulitz/Draco Malfoy,false
Draco Malfoy & Other(s),false
Draco Malfoy & Original Character(s),false
Artemis Fowl II/Draco Malfoy,false
Colin Creevey/Draco Malfoy/Harry Potter,false
Daphne Greengrass & Draco Malfoy,false
Draco Malfoy & Moaning Myrtle & Harry Potter,false
Cedric Diggory/Draco Malfoy/Harry Potter,false
Draco Malfoy & Narcissa Black Malfoy,true
Albus Dumbledore/Hermione Granger/Hedwig/Draco Malfoy/Harry Potter,false
Draco Malfoy/Dolores Umbridge,false
Draco Malfoy & Dolores Umbridge,false
Draco Malfoy/Ahsoka Tano,false
Draco Malfoy/Bill Weasley/Charlie Weasley/George Weasley/Ron Weasley,false
Astoria Greengrass/Draco Malfoy/Harry Potter/Ginny Weasley,false
Adam Lambert/Draco Malfoy,false
The Doctor (Doctor Who) & Draco Malfoy,false
Draco Malfoy/Blaise Zabini/Reader,false
Draco Malfoy & Harry Potter & Severus Snape,false
Daphne Greengrass & Percy Jackson & Draco Malfoy & Pansy Parkinson & Blaise Zabini,false
Credence Barebone & Draco Malfoy,false
Draco Malfoy & Pansy Parkinson & Harry Potter & Blaise Zabini,false
Credence Barebone/Draco Malfoy,false
Draco Malfoy/Fred Weasley/George Weasley/Ginny Weasley,false
Draco Malfoy & Lily Luna Potter,false
Cedric Diggory/Neville Longbottom/Draco Malfoy/Harry Potter,false
Crookshanks & Draco Malfoy,false
Danny Fenton & Draco Malfoy,false
Draco Malfoy & Molly Weasley,false
Cho Chang/Draco Malfoy,false
Draco Malfoy & James Sirius Potter,false
Draco Malfoy & Reader,false
Draco Malfoy & Jason Todd,false
Darcy Lewis/Draco Malfoy,false
Draco Malfoy & Theodore Nott & Pansy Parkinson & Harry Potter & Blaise Zabini,false
Draco Malfoy & Ford Pines,false
Draco Malfoy & Fred Weasley,false
Darcy Lewis & Draco Malfoy,false
Draco Malfoy & Cassandra Pentaghast,false
Adam Carter/Draco Malfoy,false
Draco Malfoy & Merlin (Merlin),false
Ben Copper & Penny Haywood & Rowan Khanna & Draco Malfoy,false
Draco Malfoy/Cisco Ramon,false
Chara (Undertale) & Draco Malfoy,false
Astoria Greengrass & Draco Malfoy & Lucius Malfoy & Narcissa Black Malfoy & Scorpius Malfoy,false
Draco Malfoy & Minerva McGonagall,false
Bellatrix Black Lestrange/Rodolphus Lestrange/Draco Malfoy,false
Draco Malfoy & Lady Smallwood (Sherlock),false
Draco Malfoy/Allen Walker,false
Draco Malfoy & Scorpius Malfoy,false
Azula (Avatar)/Draco Malfoy,false
Demetri (Twilight)/Felix (Twilight)/Draco Malfoy,false
Draco Malfoy/Adrian Pucey,false
Angel (BtVS)/Draco Malfoy,false
Anat (Canaanite Religion) & Draco Malfoy,false
Derek Hale & Draco Malfoy,false
Astoria Greengrass/Daphne Greengrass/Draco Malfoy,false
Alecto Carrow/Draco Malfoy,false
Draco Malfoy & Natasha Romanov (Marvel),false
Draco Malfoy/Emily Prentiss,false
Draco Malfoy & Lucius Malfoy,false
Draco Malfoy/Bill Weasley/Charlie Weasley,false
Amy Barnes/Draco Malfoy,false
Albus Dumbledore & Draco Malfoy,false
Draco Malfoy & Black Family,false
Draco Malfoy/Draco Malfoy,false
Draco Malfoy & Dipper Pines,false
Chrome Dokuro/Draco Malfoy,false
Alice Cullen/Draco Malfoy,false
Draco Malfoy/Blair Waldorf,false
Draco Malfoy/Fred Weasley/George Weasley,true
Draco Malfoy & Sally-Anne Perks,false
Draco Malfoy/Ginny Weasley/Blaise Zabini,false
Draco Malfoy & Harry Potter & Ginny Weasley,false
Bellatrix Black Lestrange & Draco Malfoy & Narcissa Black Malfoy,false
Draco Malfoy/Draco Malfoy/Harry Potter,false
Draco Malfoy & Percy Weasley,false
Draco Malfoy & Ron Weasley,false
Astoria Greengrass/Luna Lovegood/Draco Malfoy,false
Daphne Greengrass/Draco Malfoy/Pansy Parkinson,false
Draco Malfoy & Tony Stark,false
Draco Malfoy/Charlie Weasley,true
Draco Malfoy/Blaise Zabini,true
Astoria Greengrass/Daphne Greengrass/Draco Malfoy/Harry Potter,false
Draco Malfoy/Corban Yaxley,false
Draco Malfoy/Harleen Quinzel,false
Draco Malfoy/Bill Weasley,false
Draco Malfoy & Lucius Malfoy & Narcissa Black Malfoy & Scorpius Malfoy,false
Draco Malfoy & Albus Severus Potter,false
Draco Malfoy & Bill Weasley,false
Colin Creevey/Draco Malfoy,false
Daphne Greengrass & Draco Malfoy & Theodore Nott & Blaise Zabini,false
Draco Malfoy & Spike (BtVS),false
Draco Malfoy/Bellamy Blake,false
Albus Dumbledore/Draco Malfoy,false
Draco Malfoy & Tom Riddle,false
Draco Malfoy/Harry Potter/Blaise Zabini,true
Draco Malfoy/Ginny Weasley,true
Bellatrix Black Lestrange & Draco Malfoy,false
Draco Malfoy & Theodore Nott & Blaise Zabini,false
Draco Malfoy/Daenerys Targaryen,false
Draco Malfoy/Albus Severus Potter/James Sirius Potter,false
Draco Malfoy & Ginny Weasley,false
Draco Malfoy/George Weasley/Ginny Weasley,false
Draco Malfoy/George Weasley,false
Draco Malfoy & Pansy Parkinson & Damon Salvatore,false
Blaise & Draco & Ginny & Harry & Hermione & Pansy & Ron,false
Draco Malfoy/Fred Weasley,false
Draco Malfoy/Alastor \Mad-Eye\ Moody,false
Draco Malfoy/Bill Weasley/Fred Weasley/Original Female Character(s),false
Draco Malfoy/Graham Montague,false
Draco Malfoy & Moaning Myrtle,false
Astoria Greengrass/Draco Malfoy,true
Draco Malfoy & Charlie Weasley,false
Draco Malfoy/Danny Fenton,false
Draco Malfoy & Andromeda Black Tonks,false
Augusta Longbottom & Draco Malfoy,false
Alecto Carrow & Draco Malfoy,false
Draco Malfoy & Andromeda Black Tonks & Nymphadora Tonks & Ted Tonks,false
Draco Malfoy & Rita Skeeter,false
Draco Malfoy & Parvati Patil,false
Astoria Greengrass & Daphne Greengrass & Draco Malfoy & Harry Potter,false
Artemis Fowl II & Draco Malfoy,false
Draco Malfoy & Uzumaki Naruto,false
Bellamy Blake/Draco Malfoy,false
Draco Malfoy/Arthur Weasley,false
Draco Malfoy & Sam Winchester,false
Astoria Greengrass/Neville Longbottom/Draco Malfoy,false
Draco Malfoy/Cormac McLaggen/Zacharias Smith,false
Draco Malfoy & Scorpius Malfoy & Pansy Parkinson,false
Draco Malfoy & Peter Pettigrew,false
Astoria Greengrass/Draco Malfoy/Harry Potter,false
Draco Malfoy/Dragons,false
Draco Malfoy/Donald Scripps,false
Draco Malfoy & Pansy Parkinson & Harry Potter,false
Draco Malfoy/Gabe Saporta,false
Draco Malfoy & Ginny Weasley & Blaise Zabini,false
Draco Malfoy/Dean Thomas/Percy Weasley,false
Anthony DiNozzo/Draco Malfoy,false
Astoria Greengrass/Draco Malfoy/Fred Weasley/George Weasley,false
Draco Malfoy/George Weasley/Original Male Character(s),false
Draco Malfoy/Evan Rosier/Severus Snape,false
Astoria Greengrass & Draco Malfoy,false
Draco Malfoy/Genevieve Savidge,false
Draco Malfoy/Cormac McLaggen,false
Draco Malfoy & Willow Rosenberg,false
Draco Malfoy/Fred Weasley/Ginny Weasley,false
Draco Malfoy & Severus Snape,false
Claude Faustus & Draco Malfoy,false
Draco Malfoy/Dawn Summers,false
Bartemius Crouch Jr./Draco Malfoy,false
Cedric Diggory & Draco Malfoy,false
Draco Malfoy/Harry Potter/Alex Rider,false
Delphi & Draco Malfoy,false
Draco Malfoy & Original Male Character(s),false
Dobby & Draco Malfoy,false
Devil’s Snare/Draco Malfoy,false
Astoria Greengrass/Teddy Lupin/Draco Malfoy,false
Draco Malfoy/Harry Potter/Bill Weasley,false
Carlisle Cullen/Draco Malfoy,false
Apple/Draco Malfoy/Blaise Zabini,false
Draco Malfoy/Dorian Pavus,false
Akabane Karma & Levi (Shingeki no Kyojin) & Draco Malfoy & Original Character(s),false
Draco Malfoy/Everyone,false
Cedric Diggory/Draco Malfoy/Blaise Zabini,false
Draco Malfoy/Gawain Robards,false
Draco Malfoy & Toriel (Undertale),false
Draco Malfoy & Eileen Prince,false
Draco Malfoy & Tom Riddle | Voldemort,false
Draco Malfoy/Alex Russo,false
Draco Malfoy/Foggy Nelson,false
Cho Chang/Draco Malfoy/Ginny Weasley,false
Castiel (Supernatural) & Draco Malfoy,false
Draco Malfoy/Charlie Weasley/Fred Weasley/George Weasley/Percy Weasley,false
Blaine Anderson/Draco Malfoy,false
Draco Malfoy/Angela Weber,false
Draco Malfoy/Emma Watson,false
Draco Malfoy & Minerva McGonagall & Fred Weasley & George Weasley,false
Bellatrix Black Lestrange/Luna Lovegood/Draco Malfoy,false
Draco Malfoy & Wally West,false
Asami Ryuichi/Draco Malfoy,false
Astoria Greengrass/Draco Malfoy/Theodore Nott,false
Draco Malfoy/Fred Weasley/George Weasley/Blaise Zabini,false
Draco Malfoy/Daniel \Oz\ Osbourne,false
Draco Malfoy & Lucius Malfoy & Narcissa Black Malfoy,false
Draco Malfoy/Darth Maul,false
Astoria Greengrass/Draco Malfoy/Pansy Parkinson,false
Clint Barton/Draco Malfoy/Natasha Romanov (Marvel),false
Draco Malfoy & Harry Potter & Ron Weasley,false
Abraxas Malfoy/Draco Malfoy,false
Cho Chang/Cedric Diggory/Draco Malfoy/Harry Potter,false
Draco Malfoy & Blaise Zabini,false
Crowley (Supernatural) & Draco Malfoy,false
Draco Malfoy/Chloe Sullivan,false
Bellatrix Black Lestrange/Draco Malfoy/Voldemort,false
Alba DeTamble/Draco Malfoy,false
Draco Malfoy & Lucius Malfoy & Narcissa Black Malfoy & Original Female Character(s),false
Draco Malfoy & Pansy Parkinson,true
Draco Malfoy/Author,false
Draco Malfoy & Theodore Nott & Pansy Parkinson & Blaise Zabini,false
Daphne Greengrass/Draco Malfoy/Harry Potter,false
Draco Malfoy/Dominic Monaghan,false
Draco Malfoy & Ebony Dark'ness Dementia Raven Way,false
Anthony Goldstein & Draco Malfoy,false
Astoria Greengrass/Draco Malfoy/Lucius Malfoy,false
Draco Malfoy/Albus Severus Potter/Harry Potter,false
Draco Malfoy/Buffy Summers,false
Draco Malfoy & Josephine Montliyet,false
Bellatrix Black Lestrange/Draco Malfoy,false
Astoria Greengrass & Draco Malfoy & Scorpius Malfoy,false
Draco Malfoy & Peter Parker,false
Dennis Creevey/Draco Malfoy,false
Draco Malfoy & Fred Weasley & George Weasley,false
Danny Fenton/Draco Malfoy,false
Draco Malfoy/Charlus Potter,false
Bellatrix Black Lestrange/Draco Malfoy/Tom Riddle | Voldemort,false
Draco Malfoy/Ebony Dark'ness Dementia Raven Way,false
Beth Greene/Draco Malfoy,false
Bruce Banner/Draco Malfoy/Tony Stark,false
Draco Malfoy/Albus Severus Potter,true
Dementors/Draco Malfoy,false
Cedric Diggory/Draco Malfoy/Harry Potter/Charlie Weasley,false
Connor (AtS)/Draco Malfoy,false
Draco Malfoy/Dean Thomas,false
Draco Malfoy/Anakin Skywalker,false
Argus Filch/Draco Malfoy,false
Daphne Greengrass/Draco Malfoy,false
Draco Malfoy/Blaise Zabini/Original Female Character(s),false
Draco Malfoy & Tsukino Usagi,false
Devil's Snare/Luna Lovegood/Draco Malfoy,false
Draco Malfoy/George Weasley/Ron Weasley,false
Draco Malfoy/Bill Weasley/Ron Weasley,false
Draco Malfoy/Deniz Öztürk,false
Draco Malfoy/Blaise Zabini/Original Male Character(s),false
Amycus Carrow/Draco Malfoy,false
Bruce Banner/Draco Malfoy,false
Antonin Dolohov/Draco Malfoy,false
Draco Malfoy/Alex Morrissey,false
Draco Malfoy & Genevieve Savidge,false
Buckbeak/Draco Malfoy,false
Cedric Diggory/Draco Malfoy,false
Alana Bloom/Draco Malfoy,false
Draco Malfoy/Blaise Zabini/Other(s),false
Draco Malfoy/Arturia Pendragon | Saber,false
Draco Malfoy/Dominik Santorski,false